电影名称,演员信息,国家,上映时间,评分,排名,类型
霸王别姬,"张国荣,张丰毅,巩俐,葛优,英达,蒋雯丽,吴大维,吕齐,雷汉,尹治,马明威,费振翔,智一桐,李春,赵海龙,李丹,童弟,沈慧芬,黄斐,黄磊,冯远征,杨立新,方征,周璞,隋永清","中国大陆,中国香港",1993-07-26,9.6,1,"剧情,爱情,同性"
阿甘正传,"汤姆·汉克斯,罗宾·怀特,加里·西尼斯,麦凯尔泰·威廉逊,莎莉·菲尔德,海利·乔·奥斯蒙,迈克尔·康纳·亨弗里斯,哈罗德·G·赫瑟姆,山姆·安德森,伊俄涅·M·特雷奇,彼得·道博森,希芳·法隆,伊丽莎白·汉克斯,汉娜·豪尔,克里斯托弗·琼斯,罗布·兰德里,杰森·麦克奎尔,桑尼·施罗耶,艾德·戴维斯,丹尼尔C.斯瑞派克,大卫·布里斯宾,德博拉·麦克蒂尔,艾尔·哈林顿,阿非莫·奥米拉,约翰·沃德斯塔德,迈克尔·伯吉斯,埃里克·安德伍德,拜伦·明斯,斯蒂芬·布吉格沃特,约翰·威廉·高尔特,希拉里·沙普兰,伊莎贝尔·罗斯,理查德·达历山德罗,迪克·史迪威,迈克尔-杰斯,杰弗里·布莱克,瓦妮莎·罗斯,迪克·卡维特,马拉·苏查雷特扎,乔·阿拉斯奇,W·本森·泰瑞,约翰·列侬,埃尔维斯·普雷斯利,罗纳德·里根,鲍勃·霍普,约翰·肯尼迪,理查德·尼克松,吴俊全,蒂莫西·麦克尼尔,杰拉尔德·福特,布雷特·赖斯",美国,1994-06-23,9.5,2,"剧情,爱情"
美丽人生,"罗伯托·贝尼尼,尼可莱塔·布拉斯基,乔治·坎塔里尼,朱斯蒂诺·杜拉诺,赛尔乔·比尼·布斯特里克,玛丽萨·帕雷德斯,霍斯特·布赫霍尔茨,利迪娅·阿方西,朱利亚娜·洛约迪切,亚美利哥·丰塔尼,彼得·德·席尔瓦,弗朗西斯·古佐,拉法埃拉·莱博罗尼,克劳迪奥·阿方西,吉尔·巴罗尼,马西莫·比安奇,恩尼奥·孔萨尔维,吉安卡尔洛·科森蒂诺,阿伦·克雷格,汉尼斯·赫尔曼,弗兰科·梅斯科利尼,安东尼奥·普雷斯特,吉娜·诺维勒,理查德·塞梅尔,安德烈提多娜,迪尔克·范登贝格,奥梅罗·安东努蒂,李靖飞,沈晓谦,张欣",意大利,1997-12-20,9.5,3,"剧情,喜剧,爱情,战争"
泰坦尼克号,"莱昂纳多·迪卡普里奥,凯特·温丝莱特,比利·赞恩,凯西·贝茨,弗兰西丝·费舍,格劳瑞亚·斯图尔特,比尔·帕克斯顿,伯纳德·希尔,大卫·沃纳,维克多·加博,乔纳森·海德,苏茜·爱米斯,刘易斯·阿伯内西,尼古拉斯·卡斯柯恩,阿那托利·萨加洛维奇,丹尼·努齐,杰森·贝瑞,伊万·斯图尔特,艾恩·格拉法德,乔纳森·菲利普斯,马克·林赛·查普曼,理查德·格拉翰,保罗·布赖特威尔,艾瑞克·布里登,夏洛特·查顿,博纳德·福克斯,迈克尔·英塞恩,法妮·布雷特,马丁·贾维斯,罗莎琳·艾尔斯,罗切尔·罗斯,乔纳森·伊万斯-琼斯,西蒙·克雷恩,爱德华德·弗莱彻,斯科特·安德森,马丁·伊斯特,克雷格·凯利,格雷戈里·库克,利亚姆·图伊,詹姆斯·兰开斯特,艾尔莎·瑞雯,卢·帕尔特,泰瑞·佛瑞斯塔,凯文·德·拉·诺伊,詹姆斯·卡梅隆,竹内结子,詹姆斯·霍纳,姜广涛,罗恩·多纳基,佐佐木澄江,史蒂文·奎里 ,詹妮特·戈德斯坦恩,林凡 ,Linda Kerns,马丁·哈伯,马丁·莱恩,德里克·李,Paul Herbert,亚历山大·欧文斯,Julene Renee",美国,1998-04-03,9.4,4,"剧情,爱情,灾难"
泰坦尼克号 3D版,"莱昂纳多·迪卡普里奥,凯特·温丝莱特,比利·赞恩,凯西·贝茨,弗兰西丝·费舍,格劳瑞亚·斯图尔特,比尔·帕克斯顿,伯纳德·希尔,大卫·沃纳,维克多·加博,乔纳森·海德,苏茜·爱米斯,刘易斯·阿伯内西,尼古拉斯·卡斯柯恩,阿那托利·萨加洛维奇,丹尼·努齐,杰森·贝瑞,伊万·斯图尔特,罗恩·多纳基,夏洛特·查顿,博纳德·福克斯,迈克尔·英塞恩,艾瑞克·布里登,詹妮特·戈德斯坦恩,Linda Kerns,Paul Herbert,德里克·李,克雷格·凯利,西蒙·克雷恩,马丁·贾维斯,季冠霖,詹姆斯·卡梅隆,马克·林赛·查普曼,爱德华德·弗莱彻,艾恩·格拉法德,罗切尔·罗斯,史蒂文·奎里 ",美国,2012-04-10,9.4,5,"剧情,爱情,灾难"
灿烂人生,"路易吉·洛·卡肖,阿莱西奥·博尼,索尼娅·贝加马斯科,玛雅·珊萨,法布里齐奥·吉福尼,杰丝敏·特丽卡,里卡多·斯卡马乔,安德烈提多娜,瓦伦蒂娜·卡妮卢提,卡米拉·菲利皮,莉迪亚·维塔莱,Claudio Gioè,斯特凡诺·阿伯蒂,安东内洛·普利西,阿德里娅娜·阿斯蒂,Giuseppe Gandini",意大利,2003-06-22,9.4,6,"剧情,爱情,家庭"
巴黎圣母院,"海伦娜·赛加拉,加劳,丹尼尔·拉沃伊,布鲁诺·佩尔蒂埃,帕特里克·费欧里,拉克·默维尔,朱丽叶·泽纳缇",法国,1999,9.4,7,"剧情,爱情,音乐"
罗密欧与朱丽叶,"达米安·萨格,希西莉亚·卡拉,葛里高利·巴奎特,Tom Ross",法国,2002-02-06,9.4,8,"剧情,爱情,歌舞"
乱世佳人,"费雯·丽,克拉克·盖博,奥利维娅·德哈维兰,托马斯·米切尔,芭芭拉·欧内尔,伊夫林·凯耶斯,安·卢瑟福德,乔治·里弗斯,弗莱德·克莱恩,海蒂·麦克丹尼尔斯,奥斯卡·波尔克,巴特弗莱·麦昆,维克托·乔里,埃弗雷特·布朗,霍华德·C·希克曼,艾丽西亚·瑞特,莱斯利·霍华德,兰德·布鲁克斯,卡洛尔·奈,劳拉·霍普·克鲁斯,埃迪·安德森,哈里·达文波特,利昂娜·罗伯特,简·达威尔,欧娜·满森,保罗·赫斯特,伊莎贝尔·朱尔,卡米·金·肯伦,艾瑞克·林登,J·M·克里根,沃德·邦德,莉莲·肯布尔-库珀,吴文伦,彭河,李守贞,查曼若",美国,1939-12-15,9.3,9,"剧情,历史,爱情,战争"
摩登时代,"查理·卓别林,宝莲·高黛,亨利·伯格曼,蒂尼·桑福德,切斯特·康克林,汉克·曼,斯坦利·布莱斯通,阿尔·欧内斯特·加西亚,理查德·亚历山大,塞西尔·雷诺兹,米拉·麦金尼,默多克·麦夸里,威尔弗雷德·卢卡斯,爱德华·勒桑,弗雷德·马拉泰斯塔,萨米·斯坦,特德·奥利弗,诺曼·安斯利,博比·巴伯,海尼·康克林,格洛丽亚·德黑文,帕特·弗莱厄蒂,弗兰克·哈格尼,帕特·哈蒙,劳埃德·英格拉哈姆,沃尔特·詹姆斯,爱德华·金博尔,杰克·洛,巴迪·梅辛杰,布鲁斯·米切尔,弗兰克·莫兰,詹姆斯·C·莫顿,路易·纳托,J·C·纽金特,拉斯·鲍威尔,约翰兰德,哈里·威尔逊",美国,1936-02-25,9.3,10,"剧情,喜剧,爱情"
城市之光,"查理·卓别林,弗吉尼亚·切瑞尔,佛罗伦斯·李,亨利·伯格曼,珍·哈露,哈利·迈耶斯,约翰兰德,罗伯特·帕里什,罗伯特·格雷夫斯",美国,1931-01-30,9.3,11,"喜剧,剧情,爱情"
三傻大闹宝莱坞,"阿米尔·汗,卡琳娜·卡普尔,马达范,沙尔曼·乔希,奥米·瓦依达,博曼·伊拉尼,莫娜·辛格,拉杰夫·拉宾德拉纳特安,Atul Tiwari,阿里·扎勒,帕里卡沙特.萨赫尼,Rakesh Sharma,Javed Jaffrey",印度,2011-12-08,9.2,12,"剧情,喜剧,爱情,歌舞"
大话西游之大圣娶亲,"周星驰,吴孟达,朱茵,蔡少芬,蓝洁瑛,莫文蔚,罗家英,刘镇伟,陆树铭,李健仁,付博文,胡立成,许敬义,江约诚,吴珏瑾","中国香港,中国大陆",2014-10-24,9.2,13,"喜剧,爱情,奇幻,古装"
天堂电影院,"安东内拉·阿蒂利,恩佐·卡拉瓦勒,艾萨·丹尼埃利,里奥·故罗塔,马克·莱昂纳蒂,普佩拉·玛奇奥,阿格妮丝·那诺,莱奥波多·特里耶斯泰,萨瓦特利·卡西欧,尼古拉·迪·平托,罗伯塔·蕾娜,尼诺·戴罗佐,雅克·贝汉,菲利普·努瓦雷,玛丽娜·朱迪切,比阿特丽斯·帕姆,罗斯科·阿巴克尔,茹涅·阿斯托尔,伊格纳齐奥·巴尔萨莫,碧姬·芭铎,约翰·巴里摩尔,伊萨·巴尔齐扎,维尔玛·班基,克拉拉·卡拉马伊,查理·卓别林,加里·库珀,奥利维娅·德哈维兰,维托里奥·德西卡,柯克·道格拉斯,埃罗尔·弗林,布丽吉特·佛西,让·迦本,克拉克·盖博,葛丽泰·嘉宝,维托里奥·加斯曼,马西莫·吉洛蒂,法利·格兰杰,加里·格兰特,乔治亚·黑尔,劳伦斯·哈维,海伦·海丝,路易·茹韦,安娜·马尼亚尼,西尔瓦娜·曼加诺,马塞洛·马斯楚安尼,阿梅德奥·纳扎里,苏济·普里姆,唐娜·里德,简·拉塞尔,罗莎琳德·拉塞尔,伊冯娜·桑松,玛丽亚·雪儿,瑙玛·希拉,西蒙·西涅莱,阿尔贝托·索尔迪,詹姆斯·斯图尔特,朱塞佩·托纳多雷,托托,斯宾塞·屈塞,克莱尔·特雷弗,鲁道夫·瓦伦蒂诺,阿莉达·瓦利,约翰·韦恩,塔诺·希玛罗萨","意大利,法国",1988-11-17,9.2,14,"剧情,爱情"
生活多美好,"詹姆斯·斯图尔特,唐娜·里德,莱昂纳尔·巴里摩尔,托马斯·米切尔,亨利·崔佛斯,比尤拉·邦蒂,弗兰克·费伦,沃德·邦德,格洛丽亚·格雷厄姆,H.B.沃纳,弗兰克·艾伯森,托德·卡恩茨,萨缪尔·S·辛兹,玛丽·特琳,弗吉妮娅·巴顿,查尔斯·威廉姆斯,萨拉·爱德华兹,威廉·埃德蒙兹,莉莲·伦道夫,阿亨蒂娜·布鲁内蒂,罗伯特·J·安德森,龙尼·拉尔夫,雅尼娜·安·鲁斯,乔吉·努克斯,谢尔登·伦纳德,弗兰克·哈格尼,雷·沃克,查尔斯·莱恩,爱德华·基恩,卡萝尔·库姆斯,卡罗琳·格兰姆斯,拉里·西姆斯,吉米·霍金斯,简·阿克,厄尼·亚当斯,曼雅·安德烈,斯坦利·安德鲁斯,萨姆·阿什,杰克·贝利,布鲁克斯·贝内迪克特,约瑟夫·伯纳德,阿尔·布里奇,玛丽安·卡尔,阿德里亚娜·卡塞洛蒂,莱恩·钱德勒,迈克尔·蔡平,汤姆·查特顿,杰克·奇塔姆,哈里·切希尔,爱德华·克拉克,汤姆·科尔曼,埃伦·科比,海伦·迪克森,迪克·埃利奥特,汤姆·法登,弗兰克·芬顿,埃迪·凡特思顿,萨姆·弗林特,迪克·戈登,约瑟夫·格兰比,查尔斯·霍尔顿,Herbert Heywood,Harry Holman,Art Howard,Bert Howard,Arthur Stuart Hull,John Indrisano,艾迪·凯恩,Carl Kent,Milton Kibbee,Effie Laird,迈克·拉里,Harold Landon,Meade 'Lux' Lewis,Jack Lomas,J·法瑞尔·麦克唐纳,Wilbur Mack,Charles Meakin,伯特·穆尔豪斯,Evelyn Moriarty,Philip Morris,George Noisom,弗兰克·奥康纳,让·盖尔",美国,1946-12-20,9.2,15,"剧情,爱情,奇幻"
南海十三郎,"谢君豪,苏玉华,吴绮莉,黄霑,潘灿良,张国权,陈志辉,陈琪,袁富华,邱万城,周志辉,田二喜,梁汉威,司马华龙,罗慧虹,何云",中国香港,1997-05-15,9.2,16,"剧情,传记,爱情"
马戏团,"阿尔·欧内斯特·加西亚,梅尔纳·肯尼迪,哈里·克罗克,George Davis,亨利·伯格曼,蒂尼·桑福德,约翰兰德,查理·卓别林,艾伯特·奥斯汀,斯坦利·布莱斯通,海尼·康克林,Toraichi Kono,贝蒂莫里西,L.J. O'Connor,杰克 P. 皮尔斯,Hugh Saxon,Armand Triller,吉恩·巴瑞,乔治·W·戴维斯",美国,1928-01-06,9.2,17,"喜剧,爱情"
哀乐中年,"石挥,朱嘉琛,沈扬,李浣青,韩非,崔超明,程之,路珊,莫愁,胡小琴,顾慕如,俞仲英,伊斯兰,叶明,林榛,田振东,周瑞德,姚思诚,于复瑛",中国大陆,1949,9.2,18,"剧情,爱情,家庭"
狐妖小红娘剧场版：王权富贵,"杨天翔,刘校妤,乔诗语,魏超,阎萌萌,张凯,范哲琛",中国大陆,2016-05-20,9.2,19,"剧情,喜剧,爱情"
狐妖小红娘剧场版：月红篇,"杨天翔,刘校妤,阿杰,张予佟,张凯,乔诗语,宝木中阳,图特哈蒙",中国大陆,2016-06-24,9.2,20,"爱情,动画,奇幻"
芙蓉镇,"刘晓庆,姜文,郑在石,张光北,徐松子,祝士彬,刘利年,麦文燕,徐宁",中国大陆,1987-03-05,9.1,21,"剧情,爱情"
沉静如海,"朱莉·德拉姆,米歇尔·加拉布吕,托马斯·儒阿特,玛丽·布奈尔,刘明珠,商虹","法国,比利时",2004-10-25,9.1,22,"剧情,爱情,战争"
淘金记,"查理·卓别林,马克·斯旺,Tom Murray,亨利·伯格曼,Malcolm Waite,乔治亚·黑尔,Jack Adams,Sam Allen,Harry Arras,艾伯特·奥斯汀,Marta Belfort,George Brock,海尼·康克林,Kay Deslys,James Dime,Leon Farey,Charles Force,J.C. Fowler,阿尔·欧内斯特·加西亚,Inez Gomez,希德·格鲁曼,丽泰·格雷,雷·格雷,F.F. Guenste,Jack Herrick,George Holt,Jean Huntley,Gladys Johnston,Fred Karno Jr.,Elias Lazaroff,Joan Lowell,Chris-Pin Martin,Clyde McAtee,John Millerta,贝蒂莫里西,Florence Murth,约翰兰德,蒂尼·桑福德,Frank Stockdale,Frank Rice,Lillian Rosine,C.F. Roark,Armand Triller,John Wallace,Tom Wood,Ed Wilson,Bess Wade",美国,1925-06-26,9.1,23,"喜剧,爱情,西部,冒险"
婚姻生活,"丽芙·乌曼,厄兰·约瑟夫森,古内尔·林德布洛姆,毕比·安德松,Wenche Foss,简·马尔姆斯,贝蒂尔·诺斯特伦,Anita Wall,Rossana Mariano,莱娜·贝格曼,英格玛·伯格曼,芭布洛·约尔特·阿夫·奥纳斯",瑞典,1973-04-11,9.1,24,"剧情,爱情"
情迷意乱,"高峰秀子,加山雄三,草笛光子,白川由美,三益爱子,滨美枝,藤木悠,北村和夫,十朱久雄,小川安三,浦边粂子,中北千枝子,清水元,佐田丰",日本,1964-01-15,9.1,25,"剧情,爱情,家庭"
士兵之歌,"弗拉迪米尔·伊瓦绍夫,然娜·普罗霍连科,安东宁娜·马克西莫娃,尼古拉·克留奇科夫,叶甫盖尼·乌尔班斯基,艾尔莎·拉兹金,亚历山大·库兹涅佐夫,耶维热尼·泰特林,瓦伦蒂娜·马克瓦,玛丽娜·克雷尼尔娃,弗拉基米尔·伯克洛夫斯基,格奥尔吉·尤玛托夫,根纳季·尤赫金,瓦伦蒂娜·特莱吉纳,列夫·鲍里索夫,列昂尼德·丘巴罗夫,弗拉基米尔·卡什普尔,谢苗·斯瓦申科,尼娜·缅希科娃,瓦连京·布雷列耶夫,叶甫根尼·耶夫斯基格涅耶夫,尤里·杜布罗温",苏联,1959-12-01,9.1,26,"剧情,爱情,战争"
战争与和平,"谢尔盖·邦达尔丘克,柳德米拉·萨维里耶娃,维亚切斯拉夫·吉洪诺夫,安娜斯塔西亚·维尔金斯卡娅,安东宁娜·舒拉诺娃,鲍里斯·扎哈瓦,阿纳托利·克托罗夫,奥列格·塔巴科夫,维克托·斯坦尼岑,伊琳娜·斯科布采娃,瓦西里·兰诺沃依,琪拉·戈洛夫科,伊琳娜·古巴诺娃,亚历山大·费·鲍里索夫,奥列格·叶夫列莫夫,朱利·乔霍涅利泽,弗拉季斯拉夫·斯特尔热利奇克,安格林娜·斯捷潘诺娃,尼古拉·特罗菲莫夫,尼古拉·雷布尼科夫,爱德华·马尔采维奇,叶莲娜·佳普金娜,诺娜·莫尔久科娃,彼得·萨温,谢苗·斯瓦申科,谢尔盖·尼科年科,丹尼尔·涅特列宾,阿列克谢·格拉济林,伊万·热瓦戈,加琳娜·克拉夫琴科,尼古拉·格林科,斯坦尼斯拉夫·切坎,列夫·波利亚科夫,杰玛·菲尔索娃,安德烈·斯米尔诺夫,亚历山大·斯米尔诺夫,尼古拉·布勃诺夫,格奥尔基·米利亚尔,罗季翁·亚历山德罗夫,伊娅·阿列比娜,玛丽亚·卡普尼斯特,尼古拉·库图佐夫,尼基塔·米哈尔科夫",苏联,1966-03-14,9.1,27,"剧情,历史,爱情,战争"
怦然心动,"玛德琳·卡罗尔,卡兰·麦克奥利菲,瑞贝卡·德·莫妮,安东尼·爱德华兹,约翰·马奥尼,佩内洛普·安·米勒,艾丹·奎因,凯文·韦斯曼,摩根·莉莉,瑞安·克茨纳,吉莉安·普法夫,迈克尔·博萨,博·勒纳,杰奎琳·埃沃拉,泰勒·格鲁秀斯,艾莉·布莱恩特,阿什莉·泰勒,伊瑟尔·布罗萨德,科迪·霍恩,迈克尔·博尔顿,肖恩·哈珀,斯戴芬妮·斯考特,帕特丽夏·伦茨,马修·戈尔德,阿罗拉·凯瑟琳·史密斯,凯莉·唐纳利,索菲亚·撒高,米歇尔·梅斯默,Scott Joel Gizicki,Rod Myers,Kara Pacitto,Katelyn Pacitto",美国,2010-07-26,9.0,28,"剧情,喜剧,爱情"
大话西游之月光宝盒,"周星驰,吴孟达,罗家英,蓝洁瑛,莫文蔚,江约诚,陆树铭,刘镇伟,朱茵,李健仁,许敬义,胡立成,蔡少芬","中国香港,中国大陆",2014-10-24,9.0,29,"喜剧,爱情,奇幻,古装"
罗马假日,"奥黛丽·赫本,格利高里·派克,埃迪·艾伯特,哈特利·鲍尔,哈考特·威廉姆斯,玛格丽特·罗林斯,托里奥·卡米纳提,Paolo Carlini,Claudio Ermelli,保拉·布鲁布尼,里佐·弗雷多里佐,Laura Solari,Gorella Gori,Armando Annuale,毛里齐奥·阿雷纳,Silvio Bagolini,Gildo Bocci,弗兰科·科尔萨罗,John Cortay,Vittoria Crispo,Sidney Gordon,Luigi Moneta,Piero Pastore,米莫·波利,Carlo Rizzo,Gianna Segale,阿梅代奥·特里利,海伦·塔布斯,Marco Tulli,Joop van Hulzen,Catherine Wyler,Judy Wyler,陆建艺,金毅",美国,1953-08-20,9.0,30,"喜剧,剧情,爱情"
音乐之声,"朱莉·安德鲁斯,克里斯托弗·普卢默,埃琳诺·帕克,理查德·海顿,佩吉·伍德,查尔敏·卡尔,希瑟·孟席斯-尤里克,尼古拉斯·哈蒙德,杜安·蔡斯,安吉拉·卡特怀特,黛比·特纳,基姆·卡拉思,安娜·李,波希娅·纳尔逊,本·怀特,丹尼尔·特鲁希特,诺玛·威登,吉尔克里斯特·斯图尔特,马妮·尼克松,埃瓦德妮·贝克,多丽丝·劳埃德,格特鲁德·阿斯特,弗兰克·贝克,Steve Carruthers,山姆·哈里斯,Dorothy Jeakins,Leoda Richards,杰弗里·塞尔,Bernard Sell,Norman Stevans,伯特史蒂文斯,Maria von Trapp,毕克,李梓",美国,1965-03-02,9.0,31,"剧情,传记,爱情,歌舞"
一一,"李凯莉,金燕玲,张洋洋,萧淑慎,尾形一成,陈希圣,林孟瑾,陈以文,柯宇纶,柯素云,唐如韫,徐淑媛,陶传正,孙法钧,戴立忍,江惠惠,李永丰,津田健次郎,吴念真,张育邦,曾心怡,唐从圣,许安安,宋少卿,杨德昌,刘亮佐","中国台湾,日本",2000-05-14,9.0,32,"剧情,爱情,家庭"
雨中曲,"吉恩·凯利,唐纳德·奥康纳,黛比·雷诺斯,简·哈根,米勒德·米切尔,赛德·查里斯,达格拉斯·福雷,丽塔·莫雷诺,道恩·艾达丝,John Albright,Betty Allen,Bette Arlen,David Bair,玛格丽特·伯特,Madge Blake,Gail Bonney,Chet Brandenburg,梅·克拉克,Harry Cody,Chick Collins,Pat Conway,Jeanne Coyne,Fred Datig Jr.,Kay Deslys,John Dodsworth,金·多诺万,Phil Dunham,海伦·艾比罗克,Richard Emory,Tommy Farrell,Ernie Flatt,贝丝·弗劳尔斯,罗伯特·福捷,Dan Foster,Robert Foulk,Eric Freeman,凯瑟琳·弗里曼,兰斯·富勒,杰克·乔治,John George,Inez Gorman,A. Cameron Grant,Beatrice Gray,William Hamel,山姆·哈里斯,Timmy Hawkins,Jean Heremans,斯图尔特·霍姆斯,肯纳G.肯普,迈克·拉里,乔伊·兰辛,William F. Leicester,Sylvia Lewis",美国,1952-04-11,9.0,33,"喜剧,歌舞,爱情"
我爱你,"宋在浩,李顺载,尹秀晶,金秀美,宋智孝,吴达洙,禹尚全,Jeong Eun-kyeong ,吉海妍,柳淳哲,赵在允,罗美兰,李凤莲,金光奎,金香起,金凡振 ",韩国,2011-02-17,9.0,34,"剧情,爱情"
莫娣,"莎莉·霍金斯,伊桑·霍克,卡瑞·玛切特,加布里埃尔·罗斯,扎卡里·贝内特,比利·麦克莱伦,劳伦斯·巴里,格雷戈·马龙,玛丝·伯纳德,大卫·菲恩,凯特·罗斯","爱尔兰,加拿大",2016-09-02,9.0,35,"剧情,传记,爱情"
卡比利亚之夜,"朱丽叶塔·马西纳,弗朗索瓦·佩里埃,弗兰卡·马尔齐,多里安·格雷,阿尔多·西尔瓦尼,恩尼奥·吉罗拉米,阿梅德奥·纳扎里,詹尼·巴吉诺,佛朗哥·巴尔杜奇,多米尼克·德卢什,佛朗哥·法布里齐,里卡尔多·费里尼,埃利奥·毛罗,尼诺·米拉诺,米莫·波利,波利多尔","意大利,法国",1957-05-26,9.0,36,"剧情,爱情"
哭泣的草原,"吉欧格·亚曼尼斯,伊娃·科塔曼尼多,George Houliaras,瓦西利斯·科洛沃斯,尼克斯·普尔索尼迪斯,亚历山德拉·艾迪尼,陶拉·斯塔索普洛斯","希腊,法国,意大利,德国",2004-02-12,9.0,37,"剧情,历史,爱情"
本杰明·巴顿奇事,"凯特·布兰切特,布拉德·皮特,朱莉娅·奥蒙德,芳妮·A·钱勃丝,伊莱亚斯·科泰斯,杰森·弗莱明,大卫·詹森,蒂尔达·斯文顿,艾丽·范宁,乔安娜·塞勒,乔什·斯图沃特,丹尼·文森,塔拉吉·P·汉森,马赫沙拉·阿里,菲奥娜·黑尔,唐娜·杜普兰提尔,兰斯·E·尼克尔斯,特德·曼森,克莱·卡伦,菲利斯·萨莫维尔,杰瑞德·哈里斯,麦迪逊·贝蒂,汤姆·埃沃雷特,克里斯托弗·马克斯韦尔,伊利亚·沃里克,大卫·詹森,艾德里安·阿马斯,希洛·朱莉-皮特,维布尔·弗利茨杰拉德,艾玛·德吉斯泰德特,钱德勒·坎特布瑞",美国,2008-12-25,8.9,38,"剧情,爱情,奇幻"
情书,"中山美穗,丰川悦司,酒井美纪,柏原崇,范文雀,篠原胜之,铃木庆一,田口智朗,加贺麻理子,光石研,铃木兰兰,盐见三省,中村久美,梅田凡乃,长田江身子 ,小栗香织,神户浩,酒井敏也,山口诗史,山崎一,德井优,武藤寿美,童自荣",日本,1995-03-25,8.9,39,"剧情,爱情"
春光乍泄,"张国荣,梁朝伟,张震,格利高里·戴顿","中国香港,日本,韩国",1997-05-17,8.9,40,"剧情,爱情,同性"
侧耳倾听,"本名阳子,小林桂树,高山南,高桥一生,山下容莉枝,室井滋,露口茂,饭冢雅弓,加利·艾尔维斯",日本,1995-07-15,8.9,41,"剧情,爱情,动画"
喜宴,"赵文瑄,郎雄,归亚蕾,金素梅,米切尔·利希藤斯坦,杨元提,李淳,李安,迈克尔·加斯顿,许永德,汉娜·沙利文,姚培德","中国台湾,美国",1993-08-04,8.9,42,"剧情,喜剧,爱情,同性,家庭"
佛兰德斯的狗,"津村真琴,丹下樱,八木光生,富田耕生,中西妙子,龟井芳子,渊崎由里子,平野正人,安达忍,峰惠研,竹口安芸子,城山坚,绪方贤一,松尾贵司,菅原淳一,岩坪理江,真山亚子,佐佐木优子,森川智之,鸟海胜美,山本圭,冈江久美子,筑崎茂,八木亚希子,伊集院光,铃木保奈美,Toriumi Katsumi,罗伯特·劳吉亚,布雷迪布鲁姆,黛比·德里贝里","日本,美国",1997-03-15,8.9,43,"动画,剧情,爱情"
歌厅,"丽莎·明奈利,麦克尔·约克,赫尔穆特·格里姆,乔尔·格雷,弗里茨·维伯,马里莎·贝伦森,伊丽莎白·诺伊曼-菲特尔,海伦·维塔,西格丽德·冯·里希特霍芬,格尔德·费斯佩曼,劳夫·沃尔特,Estrongo Nachama,凯瑟琳·多比,Pierre Franckh,Ellen Umlauf",美国,1972-02-13,8.9,44,"剧情,爱情,歌舞"
七次机会,"巴斯特·基顿,T.罗伊·巴尔内斯,辛兹·爱德华,露丝·德怀尔,弗朗西丝·雷蒙德,朱尔斯·考尔斯,Judy King,Doris Deane,Rosa Gore,Eugenia Gilbert,Marion Harlan,Hazel Deane,Louise Carver,让·C·阿韦,琪恩·亚瑟,Lori Bara,Rosalind Byrne,Bartine Burkett,康斯坦斯·塔尔梅奇",美国,1925-03-11,8.9,45,"喜剧,家庭,爱情"
断背山,"希斯·莱杰,杰克·吉伦哈尔,米歇尔·威廉姆斯,安妮·海瑟薇,凯特·玛拉,兰迪·奎德,琳达·卡德里尼,安娜·法瑞丝,格拉汉姆·贝克尔,斯科特·迈克尔·坎贝尔,大卫·哈伯,罗伯塔·马克斯韦尔,皮特·麦克罗比,夏恩·希尔,布鲁克琳·普劳克斯,杰克·丘奇,罗德里戈·普列托,大卫·达斯马齐连","美国,加拿大",2005-09-02,8.8,46,"剧情,爱情,同性,家庭"
阳光灿烂的日子,"夏雨,宁静,陶虹,耿乐,斯琴高娃,冯小刚,刘小宁,姜文,王学圻,王朔,尚楠,方化,代少波,王海,姚二嘎,吴淑昆,左小青,刘斌,高保成,张华,刘金山","中国大陆,中国香港",1995-08-21,8.8,47,"剧情,爱情"
请以你的名字呼唤我,"艾米·汉莫,蒂莫西·柴勒梅德,迈克尔·斯图巴,阿蜜拉·卡萨,艾斯特·加瑞尔,维克图瓦尔·杜布瓦,旺妲·卡布里奥罗,安东尼奥·里莫尔迪,埃琳娜·布奇,马可·斯格罗索,安德列·艾席蒙,彼得·斯皮尔斯","意大利,法国,巴西,美国,荷兰,德国",2017-01-22,8.8,48,"剧情,爱情,同性"
爱在黎明破晓前,"伊桑·霍克,朱莉·德尔佩,安德莉亚·埃克特,汉诺·波西尔,Karl Bruckschwaiger,Tex Rubinowitz,埃尔尼·曼戈尔德,Dominik Castell,Haymon Maria Buttinger,Harald Waiglein,汉斯·魏因加特纳,Peter Ily Huemer,Hubert Fabian Kulterer,约翰·斯洛斯,Christian Ankowitsch,亚当·戈德堡,Paul Poet","美国,奥地利,瑞士",1995-01-27,8.8,49,"剧情,爱情"
幸福终点站,"汤姆·汉克斯,凯瑟琳·泽塔-琼斯,斯坦利·图齐,齐·麦克布赖德,迭戈·卢纳,巴里·沙巴卡·亨利,库玛·帕拉纳,佐伊·索尔达娜,埃迪·琼斯,祖德·塞克利拉,科瑞·雷诺兹,古列雷莫·迪亚兹,里尼·贝尔,瓦列里·尼古拉耶夫,迈克尔·诺里,Bob Morrisey,萨沙·斯皮尔伯格,苏珊·索洛米,卡尔利斯·布克,Stephon Fuller,丹·芬纳蒂,Lydia Blanco,肯尼斯·崔,卡斯·安瓦尔,康拉德·皮拉,杜桑恩·杜基齐,马克·伊瓦涅,Benny Golson,斯科特·安第斯,罗伯特·科瓦吕比亚,Dilva Henry,卡尔艾拉切,Hayati Akbas,艾力克斯·伯恩斯,埃莱娜·卡多纳,Dan Chase,查得·R·戴维斯,Antonella Elia,Michael Eliopoulos,Marston Fobbs,Riad Galayini,杰拉德·加纳,Justin Rodgers Hall,Mohammed Hassan,Amber Havens,Ksenia Jarova,Barry Julien,Svilena Kidess,Zuzana Monroe,艾丽西亚·奥奇瑟,本杰明·奥切恩格,梅尔·罗德里格斯,阿尼·萨瓦",美国,2005-01-14,8.8,50,"喜剧,剧情,爱情"
甜蜜蜜,"黎明,张曼玉,杨恭如,曾志伟,杜可风,张同祖,诸慧荷,丁羽,谢志华",中国香港,2015-02-13,8.8,51,"剧情,爱情"
爱在日落黄昏时,"伊桑·霍克,朱莉·德尔佩,弗农·多布切夫,路易丝·勒莫瓦纳·托雷斯,罗多尔·保利,玛丽安·普莱施泰格,Diabolo,丹尼·弗拉,艾伯特·德尔佩,玛丽·佩里",美国,2004-02-10,8.8,52,"剧情,爱情"
萤火之森,"佐仓绫音,内山昂辉,辻亲八,山本兼平,后藤弘树,今井麻美",日本,2011-09-17,8.8,53,"剧情,爱情,动画,奇幻"
燃情岁月,"布拉德·皮特,安东尼·霍普金斯,艾丹·奎因,朱莉娅·奥蒙德,亨利·托马斯,卡琳娜·隆巴德,坦图·卡丁诺,高登·图托西斯,克里斯蒂娜·皮克勒斯,约翰·诺瓦克,肯尼斯·威尔什,尼格尔·本内特,基根·麦金托什,埃里克·约翰逊,兰德尔·斯莱文,大卫·卡耶,查尔斯·安德烈,肯·科齐格,温妮·孔,巴特熊,格雷格·福西特,加里·A·赫克,马修·罗伯特·凯利",美国,1994-12-16,8.8,54,"剧情,爱情,战争,西部"
爱在午夜降临前,"伊桑·霍克,朱莉·德尔佩,肖姆斯·戴维-菲茨帕特里克,詹妮弗·普里尔,夏洛特·普里尔,Xenia Kalogeropoulou,沃尔特·拉萨利,亚里安妮·拉贝德,雅尼斯·帕帕多普洛斯,阿锡娜·瑞秋·特桑阿里,帕诺斯·科罗尼斯,Yota Argyropoulou,约翰·斯洛斯","美国,希腊",2013-06-14,8.8,55,"剧情,爱情"
魂断蓝桥,"费雯·丽,罗伯特·泰勒,露塞尔·沃特森,弗吉尼亚·菲尔德,玛丽亚·彭斯卡娅,C.奥布雷·史密斯,Janet Shaw,Janet Waldo,Steffi Duna,Virginia Carroll,Eleanor Stewart,Lowden Adams,Harry Allen,Jimmy Aubrey,Phyllis Barry,Colin Campbell,丽塔·卡莱尔,里奥.G.卡罗尔,戴维·卡文迪什,大卫·克莱德,汤姆·康威,Frank Dawson,Connie Emerald,Gilbert Emery,赫伯特·埃文斯,迪克·戈登,Denis Green,艾塞尔·格里菲斯,Bobby Hale,Winifred Harris,哈利韦尔·霍布斯,Harold Howard,Charles Irwin,George Kirby,Walter Lawrence,威尔弗雷德·卢卡斯,Dan Maxwell,James May,Florine McKinney,Charles McNaughton,Frank Mitchell,埃德蒙·莫蒂默,伦纳德米迪,坦普·皮戈特,John Power,Clara Reid,Paul Scardon,约翰·格雷厄姆·斯佩西,Wyndham Standing,哈里·斯塔布斯,Cyril Thornton,戴维·瑟斯比,诺玛·威登,帕特·威尔士,玛莎·温特沃思,Frank Whitbeck,Eric Wilton,罗伯特·温克勒,道格拉斯·伍德,丁建华,乔榛",美国,1940-05-17,8.8,56,"剧情,爱情,战争"
横道世之介,"高良健吾,吉高由里子,池松壮亮,伊藤步,绫野刚,井浦新,国村隼,堀内敬子,古关安广,余贵美子,朝仓亚纪,柄本佑,江口德子,佐津川爱美,真岛秀和,黑川芽以,涩川清彦",日本,2013-02-23,8.8,57,"剧情,爱情"
莫里斯,"詹姆斯·维尔比,休·格兰特,鲁珀特·格雷夫斯,丹霍姆·艾略特,西蒙·卡洛,比莉·怀特劳,巴里·福斯特,朱迪·帕瑞福特,菲比·尼克尔斯,帕特里克·戈弗雷,马克·坦迪,本·金斯利,姬蒂·奥尔德里奇,凯瑟琳·拉贝特,海伦娜·伯翰·卡特",英国,1987-09-18,8.8,58,"剧情,爱情,同性"
同级生,"野岛健儿,神谷浩史,石川英郎",日本,2016-02-20,8.8,59,"爱情,动画,同性"
巴里·林登,"瑞安·奥尼尔,马里莎·贝伦森,帕特里克·马基,哈迪·克鲁格,史蒂文·伯克夫,盖伊·汉密尔顿,玛丽·基恩,黛安娜·科尔纳,穆雷·梅尔文,弗兰克·米德尔马斯,安德鲁·莫瑞尔,戈弗雷·奎格利,雷纳德·洛塞特,菲利普·斯通,利昂·维塔利,乔纳森·塞西尔,彼得·塞利尔,杰弗里·蔡特,伯纳德·赫普顿,巴里·杰克逊,沃尔夫·卡赫勒,汉斯·迈尔,费迪·梅恩,利亚姆·雷德蒙,帕特·罗奇,多米尼克·塞维奇,John Sharp,Anthony Dawes,迈克尔·霍尔德恩,哈利·陶布,Anthony Sharp,乔治·休厄尔,Frederick Schiller,Billy Boyle,薇薇安·库布里克,John Bindon","英国,美国,爱尔兰",1975-12-18,8.8,60,"剧情,爱情,战争"
爱情短片,"格拉日娜·沙波沃夫斯卡,奥拉夫·卢巴申科,斯特凡尼亚·伊文斯卡,比奥迪·玛查里卡,阿图尔·巴奇斯,汉娜·霍伊纳茨卡,斯塔尼斯拉娃·加瓦里克,托马斯兹·格拉多维斯基,拉法尔·伊穆布罗,杨·皮科辛斯基,克雷兹耶托夫·考普佩尔斯基,杰罗斯拉娃·迈克勒斯卡,玛乌戈扎塔·罗日尼亚托夫斯卡,额米莉亚·兹沃克斯卡",波兰,1988-10-21,8.8,61,"剧情,爱情"
办公室的故事,"安德烈·米亚赫科夫,阿丽萨·弗雷因德利赫,斯维特拉娜·涅莫利亚耶娃,奥列格·巴希拉什维利,莉亚·阿赫扎科娃,内莉·普绍娜娅,玛丽亚·维诺格拉多娃,彼得·谢尔巴科夫,Zoya Isayeva,格奥尔基·布尔科夫,柳德米拉·伊万诺娃",苏联,1977-02-03,8.8,62,"喜剧,爱情"
邮差,"菲利普·努瓦雷,马西莫·特洛伊西,玛丽亚·格拉齐亚·库奇诺塔,雷纳托·斯卡帕,琳达·莫雷蒂,Mariano Rigillo,安娜·博纳奥图","意大利,法国,比利时",1994-09-01,8.8,63,"传记,喜剧,剧情,爱情"
豹,"伯特·兰卡斯特,克劳迪娅·卡汀娜,阿兰·德龙,保罗·斯托帕,里娜·莫雷利,奥塔维亚·皮科洛,伊妲·伽利,卢奇拉·莫拉基,特伦斯·希尔,罗慕洛·瓦利,皮埃尔·克里蒙地","意大利,法国",1963-03-29,8.8,64,"剧情,历史,爱情,战争"
夜,"马塞洛·马斯楚安尼,让娜·莫罗,莫尼卡·维蒂,伯恩哈德·维基,罗西·马扎库拉蒂,玛丽亚·皮亚·卢齐,圭多·A·马尔桑,维托里奥·贝尔托尼,温琴佐·科尔贝拉,乌戈·福图纳蒂,吉特·马格里尼,乔治·内格罗,罗伯塔·斯佩罗尼,翁贝托·埃科","意大利,法国",1961-01-24,8.8,65,"剧情,爱情"
日出,"乔治·奥布莱恩,珍妮·盖诺,玛格丽特·利文斯顿,波蒂尔·罗辛,J·法瑞尔·麦克唐纳,简·维顿,阿瑟·豪斯曼,Eddie Boland,赫尔曼·宾 ,Sidney Bracey,基诺科拉多,Vondell Darr,萨利·艾勒斯,吉布森·格沃兰德,Fletcher Henderson,Thomas Jefferson,鲍勃·科特曼,F·W·茂瑙,Barry Norton,罗伯特·帕里什,Sally Phipps,坦普·皮戈特,Harry Semels,菲利普斯·斯莫利,李奥·怀特,Clarence Wilson",美国,1927-11-04,8.8,66,"剧情,爱情"
安全至下,"哈罗德·劳埃德,米尔德丽德·戴维斯,比尔·斯特罗瑟,诺厄·扬,韦斯科特·克拉克,Roy Brooks,Mickey Daniels,Richard Daniels,Ray Erlenborn,William Gillespie,Helen Gilmore,Wallace Howe,杰姆斯-凯利,Gus Leonard,Sam Lufkin,Marie Mosquini,弗雷德·C·纽迈尔,Charles Stevenson,Anna Townsend",美国,1923-04-01,8.8,67,"喜剧,爱情,惊悚"
鹳鸟踟蹰,"朵拉·西里思科,格雷戈里·卡尔,迪米特里斯·坡里卡库斯,伊利亚斯·洛戈塞蒂斯,阿克斯·萨克拉里欧,耶拉西莫斯·斯奇戴尔西斯,让娜·莫罗,马塞洛·马斯楚安尼","法国,意大利,希腊,瑞士",1991-09-13,8.8,68,"剧情,爱情"
天鹅湖,"竹下景子,志垣太郎,小池朝雄,麻上洋子,白石冬美,松金米子,中西妙子,八奈见乘儿,村山明,麦人,川岛千代子,中野圣子,帕姆·道伯,程晓桦,童自荣,唐·约翰逊,戴维·海明斯,凯伊·兰兹,克里斯托弗斯·阿特金斯",日本,1981-03-14,8.8,69,"爱情,动画,奇幻"
金玫瑰洞,"亚历桑德拉·马提尼斯,马里奥·阿多夫,吉姆·罗斯·斯图尔特,安赫拉·莫利纳,让-皮埃尔·卡塞尔,Luciano Manzalini,Eraldo Turra,Tomás Valík,卡特琳娜·布罗佐娃,Jan Kraus,Martin Faltyn,菲利普·伦茨,Katerina Frýbová,Markéta Hrubesová,Antonie Hegerlíková,詹弗兰科·贝利尼,Mino Caprio,Francesca Draghetti,Gianni Musy,Riccardo Onorato,安娜·盖伊斯洛娃",意大利,1991-12-22,8.8,70,"爱情,奇幻"
儿子,"三国连太郎,永濑正敏,和久井映见,原田美枝子,田中隆三,浅田美代子,山口良一,浅利香津代,高峰凯希,浜村淳,梅津荣,井上千蔵,中本贤,小仓一郎,村田正雄,松村达雄,中村芽衣子,音无美纪子,奈良冈朋子,佐藤B作,碇矢长介,田中邦卫",日本,1991-10-12,8.8,71,"剧情,喜剧,爱情,家庭"
剪刀手爱德华,"约翰尼·德普,薇诺娜·瑞德,黛安·韦斯特,安东尼·迈克尔·豪尔,凯西·贝克,罗伯特·奥利维里,康查塔·费雷尔,卡罗琳·阿隆,迪克·安东尼·威廉姆斯,澳澜·琼斯,文森特·普莱斯,艾伦·阿金,苏珊·布洛马特,约翰·戴维森,Bryan Larkin,Victoria Price,Stuart Lancaster,Gina Gallagher,阿隆·鲁斯汀,阿兰·弗吉,史蒂文·布里尔,Peter Palmer,马克·麦考利,唐娜·派洛尼,Ken DeVaul,Kathy Dombo,Tabetha Thomas,尼克·卡特,布雷特·赖斯",美国,1990-12-06,8.7,72,"剧情,奇幻,爱情"
天使爱美丽,"奥黛丽·塔图,马修·卡索维茨,吕菲斯,洛莱拉·克拉沃塔,塞尔日·梅兰,贾梅尔·杜布兹,克洛蒂尔德·莫勒,克莱尔·莫里耶,伊莎贝尔·南蒂,多米尼克·皮侬,阿尔蒂斯·德·彭居埃恩,友兰达·梦露,于尔班·康塞利埃,莫里斯·贝尼舒,米歇尔·罗班,安德烈·达芒,克洛德·佩隆,阿尔梅尔,迪基·奥尔加多,Kevin Fernandes,弗洛拉·吉耶,阿莫里·巴博尔,欧仁·贝蒂埃,让·达里,马克·阿米约,安德烈·杜索里埃,林原惠美,姜广涛","法国,德国",2001-04-25,8.7,73,"喜剧,爱情"
喜剧之王,"周星驰,张柏芝,莫文蔚,吴孟达,林子善,田启文,李兆基,成龙,李思捷,郑文辉,陈宝骏,袁富华,叶竞生,徐志雄,侯焕玲,冯勉恒,郑祖,胡立成",中国香港,1999-02-13,8.7,74,"喜剧,剧情,爱情"
重庆森林,"林青霞,金城武,梁朝伟,王菲,周嘉玲,黄志明,左颂升,关莉娜",中国香港,1994-07-14,8.7,75,"剧情,爱情"
倩女幽魂,"张国荣,王祖贤,午马,刘兆铭,林威,薛芷伦,胡大为,王晶,黄哈",中国香港,2011-04-30,8.7,76,"爱情,奇幻,武侠,古装"
时空恋旅人,"多姆纳尔·格里森,瑞秋·麦克亚当斯,比尔·奈伊,莉迪亚·威尔逊,琳赛·邓肯,理查德·科德里,约书亚·麦圭尔,汤姆·霍兰德,玛格特·罗比,维尔·梅里克,凡妮莎·柯比,汤姆·休斯,哈利·海顿-佩顿,米切尔·马伦,丽莎·艾科恩,珍妮·莱恩斯福德,菲利普-沃斯,凯瑟琳·斯戴曼,汤姆·斯托顿,安部春香,李·阿斯奎斯-柯,理查德·班克斯,保罗·布莱克维尔,贝恩·科拉科,格拉姆·柯里,罗薇娜·戴蒙德,约翰·达根,迪诺·法赞尼,内芙·加切夫,理查德·E·格兰特,理查德·格雷弗斯,李·尼古拉斯·哈里斯,理查德·赫德曼,李仙湖,马修·C·马蒂诺,马汀·麦格,Alex Moore,艾薇·维,艾莎·哈特,黛博拉·罗桑,弗朗西斯卡·祖琪妮,朱莉·沃洛诺,阿曼达·伦贝里,尼可拉·芬恩",英国,2013-09-04,8.7,77,"喜剧,爱情,奇幻"
千年女优,"庄司美代子,小山茉美,折笠富美子,饭塚昭三,小野坂昌也,津田匠子,铃置洋孝,京田尚子,德丸完,片冈富枝,石森达幸,佐藤政道,小形满,麻生智久,游佐浩二,肥后诚,坂口候一,志村知幸,木村亚希子,佐伯志,野岛裕史,浅野琉璃,园部好德,山寺宏一,津嘉山正种",日本,2001-07-28,8.7,78,"动画,剧情,爱情"
东邪西毒：终极版,"张国荣,林青霞,梁朝伟,张学友,张曼玉,刘嘉玲,梁家辉,杨采妮,白丽,廖静妮,王家卫","中国香港,中国大陆,中国台湾",2009-03-26,8.7,79,"剧情,动作,爱情"
碧海蓝天,"让-马克·巴尔,让·雷诺,罗姗娜·阿奎特,保罗·希纳尔,赛尔乔·卡斯特利托,让·布伊兹,马克·迪莱特,格里芬·邓恩,Andréas Voutsinas,瓦伦提娜·瓦格斯,金伯莉·贝克,吕克·贝松,保罗·赫尔曼","法国,美国,意大利",1988-05-11,8.7,80,"剧情,爱情"
蓝白红三部曲之红,"伊莲娜·雅各布,让-路易·特兰蒂尼昂,弗雷德里奎·费德,让-皮耶·罗利特,塞缪尔·勒·比汉,马里恩·斯泰伦斯,特科·切里奥,伯纳德·埃斯卡隆,让·施莱格尔,埃尔兹别塔·亚辛斯卡,保罗·弗梅伦,让-马利·道纳斯,罗兰·凯里,朱丽叶·比诺什,贝努特·里格恩特,朱莉·德尔佩,泽比纽·扎马洲斯基","法国,波兰,瑞士",1994-05-12,8.7,81,"剧情,爱情,悬疑"
弗里达,"萨尔玛·海耶克,阿尔弗雷德·莫里纳,米娅·麦斯特罗,艾什莉·贾德,安东尼奥·班德拉斯,杰弗里·拉什,爱德华·诺顿,瓦莱丽亚·戈利诺,迭戈·卢纳,亚历杭德罗·乌西利,萨弗蓉·布罗斯,洛罗·纳瓦罗,罗杰·里斯,费尔明·马丁内斯,阿梅莉亚·萨帕塔,罗伯托·梅迪纳,帕特里夏·雷耶斯·斯平多拉,玛加丽塔·桑斯,奥马尔·罗德里格斯,查维拉·巴尔加斯,费利佩·富勒普,Aida López","美国,墨西哥,加拿大",2002-08-29,8.7,82,"传记,剧情,爱情"
面子,"陈冲,杨雅慧,陈凌,王进,王洛勇,杰西卡·赫特,李勋,奥托·艾森度,杨明燊,Tina Johnson,帕米拉·佩顿-赖特,Danny Lee,Regina Lobiondo,大卫·石",美国,2004-09-12,8.7,83,"剧情,喜剧,爱情,同性"
野草莓,"维克多·斯约斯特洛姆,毕比·安德松,英格丽·图林,古纳尔·布约恩施特兰德,尤兰·辛达尔,福尔谢·松德奎斯特,比约恩·比耶尔文斯塔姆,纳伊玛·维夫斯特兰德,古内尔·布罗斯特勒姆,耶特鲁德·弗里德,西夫·鲁德,古纳尔·舍贝格,马克斯·冯·叙多夫,奥谢·弗里德尔,云韦·诺德瓦尔,佩尔·舍斯特兰德,尤·佩特雷,古内尔·林德布洛姆,冒德·汉松,安-玛丽·维曼,埃娃·努雷,莱娜·贝格曼,莫妮卡·埃林,耶兰·隆德奎斯特,约瑟夫·诺尔曼,古纳尔·奥尔松,文德拉·鲁德贝克,佩尔·斯科格斯贝格,乌尔夫·约翰松,赫尔耶·武尔夫",瑞典,1957-12-26,8.7,84,"剧情,爱情,家庭"
一夜风流,"克拉克·盖博,克劳黛·考尔白,沃尔特·康诺利,罗斯科·卡恩茨,詹姆森·托马斯,艾伦·海尔,亚瑟·霍伊特,布朗什·弗雷德里克,查尔斯·C·威尔逊,克莱尔·麦克道尔,Mickey Daniels,沃德·邦德",美国,1934-02-22,8.7,85,"喜剧,爱情"
青之炎,"二宫和也,松浦亚弥,秋吉久美子,山本宽斋,中村梅雀,铃木杏,六平直政,唐泽寿明,竹中直人,川村阳介,Koji Yamamoto,渡边哲,木村雅,島本和彦",日本,2003-03-15,8.7,86,"剧情,犯罪,爱情"
西伯利亚的理发师,"朱莉娅·奥蒙德,欧列格·缅希科夫,阿列克谢·彼得连科,理查德·哈里斯,弗拉基米尔·伊利因,马拉特·巴沙罗夫,安德烈·巴利罗,尼基塔·米哈尔科夫,安娜·米哈尔科娃,玛丽娜·涅约洛娃,姜广涛","俄罗斯,法国,意大利,捷克",1998-10-30,8.7,87,"喜剧,剧情,爱情"
桃色公寓,"杰克·莱蒙,雪莉·麦克雷恩,弗莱德·麦克莫瑞,雷·沃尔斯顿,伊迪·亚当斯,大卫·刘易斯,大卫·麦克林,琼·肖丽,约翰尼·塞文,娜奥米·史蒂文斯,威拉德·沃特曼,乔伊丝·詹姆森,哈尔·史密斯,多萝西·阿伯特,奥佩·霍利迪,比尔·鲍德温,本尼·伯特,梅森·科里,弗朗西丝·温特劳布·拉克斯,杰克·克鲁申,戴维沃特",美国,1960-06-15,8.7,88,"爱情,喜剧,剧情"
黄昏的清兵卫,"宫泽理惠,真田广之,大杉涟,岸惠子,丹波哲郎,山崎贵,田中泯,神户浩",日本,2002-11-02,8.7,89,"剧情,爱情"
开罗紫玫瑰,"米亚·法罗,杰夫·丹尼尔斯,丹尼·爱罗,James Prendergast,黛安·韦斯特,约翰·伍德",美国,1985-03-01,8.7,90,"喜剧,奇幻,爱情"
呼喊与细语,"哈里特·安德森,卡莉·西尔万,英格丽·图林,丽芙·乌曼,厄兰·约瑟夫森,林·乌尔曼,英格玛·伯格曼,赫宁·莫里岑",瑞典,1972-12-21,8.7,91,"剧情,爱情"
罗密欧与朱丽叶,"莱昂纳德·怀廷,奥丽维娅·赫西,约翰·麦克埃尼,米罗·奥西,帕特·海伍德,罗伯特·斯蒂芬斯,麦克尔·约克,布鲁斯·罗宾逊,劳伦斯·奥利弗,Andrés José Cruz Soublette,埃斯梅拉达露丝珀丽,Natasha Parry","英国,意大利",1968-10-19,8.7,92,"剧情,爱情"
街角的商店,"玛格里特·苏利文,詹姆斯·斯图尔特,弗兰克·摩根,约瑟夫·斯柴德克劳特,萨拉·黑登,米拉·麦金尼,Edwin Maxwell,雷妮·里亚诺,Charles Smith,William Tracy,恩斯特·刘别谦,查尔斯·霍尔顿,格蕾斯·海尔,玛丽·卡尔,查尔斯·阿恩特,Joan Blair,Mabel Colcord,伊内兹·考特尼,菲利克斯·布雷萨特,克莱尔杜布里,萨拉·爱德华兹,威廉·埃德蒙兹",美国,1940-01-12,8.7,93,"喜剧,爱情,剧情"
党同伐异,"丽莲·吉许,梅·马什,罗伯特·哈伦,F.A.特纳,萨姆·德·格拉斯,米兰·库柏,玛丽·奥尔登,拉尔夫·李维斯,薇拉·刘易斯,朱莉娅·麦克利,沃尔特·朗,汤姆·威尔森,鲁斯·圣.丹尼斯,阿尔玛·鲁本斯,华莱士·里德,Clarence Geldart,尤金·佩里特,康斯坦斯·塔尔梅奇,托德·布朗宁,基诺科拉多,唐纳德·克里斯普,道格拉斯·范朋克,泰德·肖恩",美国,1916-09-05,8.7,94,"剧情,历史,爱情"
一九零零,"罗伯特·德尼罗,热拉尔·德帕迪约,多米妮克·桑达,弗朗切斯卡·贝蒂尼,劳拉·贝蒂,维纳·布朗,斯蒂芬妮娅·卡西尼,斯特林·海登,阿莉达·瓦利,保罗·布兰卡,唐纳德·萨瑟兰,纳扎雷诺·纳塔莱,埃伦·施韦尔斯,玛丽娅·蒙蒂,José Quaglio,Giacomo Rizzo,Piero Vida,罗慕洛·瓦利,帕特里齐娅·德·克拉拉,安娜·亨克尔,Fabio Garriba,斯特法尼娅·桑德雷利,伯特·兰卡斯特,Liù Bosisio,克拉拉·科洛西莫,弗朗切斯科·达阿达,埃达·费德罗娜奥","意大利,法国,西德",1976-08-16,8.7,95,"剧情,历史,爱情,战争"
铁达尼号沉没记,"彼得·盖勒,凯瑟琳·泽塔-琼斯,乔治·C·斯科特,爱娃·玛丽·森特,蒂姆·克里,罗杰·里斯,哈莉·简·科扎克,玛丽露·亨纳尔,麦克·道尔,卡万·史密斯,马修·沃克,科琳·惠勒,戴尔·威尔逊,莫莉·帕克,Shaina Tianne Unger,布伦特·斯泰特,Matt Hill,凯瑟琳·伊莎贝尔,巴里·佩珀,艾伦·坡尔,马尔科姆·斯图尔特,Sonsee Neu,埃里克·李塞德,凯文·麦克纳尔蒂,Lachlan Murdoch","加拿大,美国",1996-11-17,8.7,96,"剧情,动作,历史,爱情,灾难"
生命是个奇迹,"斯拉夫科·斯提马科,娜塔莎·塔普什科维奇,乌克·科斯蒂奇,亚力克斯桑德·贝奇科,米尔亚娜·卡拉诺维奇,维斯娜切瓦里克,尼古拉·科约,达沃尔·贾尼奇,达娜托多罗维茨,温内莎格拉丘,Josif Tatic,Dr. Nele Karajlic,Zorica Jovanovic","塞尔维亚和黑山,法国,意大利",2004-05-14,8.7,97,"剧情,喜剧,爱情,战争"
飞出个未来大电影1：班德大行动,"比利·维斯特,凯特蕾·萨加尔,约翰·迪·马吉欧,特蕾丝·麦克尼尔,莫里斯·拉马奇,菲尔·拉马,劳伦·汤姆,大卫·赫尔曼,达恩·刘易斯,凯斯·索西,弗兰克·维尔克,库里奥,阿尔·戈尔,马克·哈米尔,汤姆·肯尼,萨拉·西尔弗曼,催眠蛤蟆",美国,2007-11-27,8.7,98,"喜剧,爱情,动画"
天堂的孩子,"阿莱蒂,让-路易斯·巴劳特,皮埃尔·布拉瑟,皮埃尔·雷诺阿,玛丽亚·卡萨雷斯,加斯东·莫多,法比安·洛里斯,马塞尔·佩雷斯,帕洛,艾蒂安·德克鲁,雅内·马尔肯,玛塞勒·蒙蒂尔,路易·弗洛朗西,哈比卜·本利亚,罗尼奥尼",法国,1945-03-09,8.7,99,"剧情,爱情"
舞台春秋,"查理·卓别林,巴斯特·基顿,克莱尔·布鲁姆,尼格尔·布鲁斯,悉尼·卓别林,诺曼·劳埃德,杰拉丁·卓别林",美国,1952-10-16,8.7,100,"喜剧,剧情,音乐,爱情"
